lender_name,lender_type,advertised_rate_raw,advertised_rate_period,advertised_rate_annual_nominal,max_loan_lakh,max_tenure_months,processing_fee_type,processing_fee_value,source_url,source_date,source_note
Axis Bank,Private Bank,9.99,annual,9.99,40.0,84,up_to_percent,2.0,https://www.paisabazaar.com/personal-loan/,2026-09-25,Public comparison table; rates/fees are indicative and lender-specific eligibility applies.
Bandhan Bank,Private Bank,8.82,annual,8.82,25.0,60,up_to_percent,3.0,https://www.paisabazaar.com/personal-loan/,2026-09-25,Public comparison table; rates/fees are indicative and lender-specific eligibility applies.
Federal Bank,Private Bank,12.0,annual,12.0,25.0,60,up_to_percent,2.0,https://www.paisabazaar.com/personal-loan/,2026-09-25,Public comparison table; rates/fees are indicative and lender-specific eligibility applies.
HDFC Bank,Private Bank,9.99,annual,9.99,50.0,84,fixed,6500.0,https://www.paisabazaar.com/personal-loan/,2026-09-25,Public comparison table; rates/fees are indicative and lender-specific eligibility applies.
ICICI Bank,Private Bank,9.99,annual,9.99,50.0,72,up_to_percent,2.0,https://www.paisabazaar.com/personal-loan/,2026-09-25,Public comparison table; rates/fees are indicative and lender-specific eligibility applies.
IDFC FIRST Bank,Private Bank,9.99,annual,9.99,15.0,60,up_to_percent,3.5,https://www.paisabazaar.com/personal-loan/,2026-09-25,Public comparison table; rates/fees are indicative and lender-specific eligibility applies.
IndusInd Bank,Private Bank,10.5,annual,10.5,50.0,60,up_to_percent,3.0,https://www.paisabazaar.com/personal-loan/,2026-09-25,Public comparison table; rates/fees are indicative and lender-specific eligibility applies.
J&K Bank,Private Bank,11.55,annual,11.55,50.0,84,up_to_percent,1.0,https://www.paisabazaar.com/personal-loan/,2026-09-25,Public comparison table; rates/fees are indicative and lender-specific eligibility applies.
Kotak Mahindra Bank,Private Bank,9.99,annual,9.99,100.0,72,up_to_percent,5.0,https://www.paisabazaar.com/personal-loan/,2026-09-25,Public comparison table; rates/fees are indicative and lender-specific eligibility applies.
Yes Bank,Private Bank,10.5,annual,10.5,50.0,72,up_to_percent,2.5,https://www.paisabazaar.com/personal-loan/,2026-09-25,Public comparison table; rates/fees are indicative and lender-specific eligibility applies.
Bank of Baroda,Public Bank,10.15,annual,10.15,50.0,84,up_to_percent,2.0,https://www.paisabazaar.com/personal-loan/,2026-09-25,Public comparison table; rates/fees are indicative and lender-specific eligibility applies.
Bank of India,Public Bank,10.85,annual,10.85,20.0,84,percent_range,0.75,https://www.paisabazaar.com/personal-loan/,2026-09-25,Public comparison table; rates/fees are indicative and lender-specific eligibility applies.
Canara Bank,Public Bank,9.7,annual,9.7,30.0,84,up_to_percent,0.5,https://www.paisabazaar.com/personal-loan/,2026-09-25,Public comparison table; rates/fees are indicative and lender-specific eligibility applies.
Indian Bank,Public Bank,9.0,annual,9.0,50.0,84,up_to_percent,1.0,https://www.paisabazaar.com/personal-loan/,2026-09-25,Public comparison table; rates/fees are indicative and lender-specific eligibility applies.
Punjab National Bank,Public Bank,10.25,annual,10.25,20.0,84,up_to_percent,1.0,https://www.paisabazaar.com/personal-loan/,2026-09-25,Public comparison table; rates/fees are indicative and lender-specific eligibility applies.
Punjab & Sind Bank,Public Bank,9.6,annual,9.6,20.0,84,range_percent,0.75,https://www.paisabazaar.com/personal-loan/,2026-09-25,Public comparison table; rates/fees are indicative and lender-specific eligibility applies.
State Bank of India,Public Bank,10.0,annual,10.0,50.0,84,up_to_percent,1.5,https://www.paisabazaar.com/personal-loan/,2026-09-25,Public comparison table; rates/fees are indicative and lender-specific eligibility applies.
Union Bank of India,Public Bank,8.9,annual,8.9,50.0,84,up_to_percent,1.0,https://www.paisabazaar.com/personal-loan/,2026-09-25,Public comparison table; rates/fees are indicative and lender-specific eligibility applies.
Bajaj Finance,NBFC,10.0,annual,10.0,55.0,108,up_to_percent,3.93,https://www.paisabazaar.com/personal-loan/,2026-09-25,Public comparison table; rates/fees are indicative and lender-specific eligibility applies.
CASHe,NBFC,2.7899999999999996,monthly,33.48,3.0,15,up_to_percent,2.5,https://www.paisabazaar.com/personal-loan/,2026-09-25,Public comparison table; rates/fees are indicative and lender-specific eligibility applies.
Dhani,NBFC,13.99,annual,13.99,15.0,24,up_to_percent,3.0,https://www.paisabazaar.com/personal-loan/,2026-09-25,Public comparison table; rates/fees are indicative and lender-specific eligibility applies.
DMI Finance,NBFC,11.99,annual,11.99,10.0,48,up_to_percent,5.0,https://www.paisabazaar.com/personal-loan/,2026-09-25,Public comparison table; rates/fees are indicative and lender-specific eligibility applies.
Hero FinCorp,NBFC,17.0,annual,17.0,5.0,48,up_to_percent,2.5,https://www.paisabazaar.com/personal-loan/,2026-09-25,Public comparison table; rates/fees are indicative and lender-specific eligibility applies.
Home Credit,NBFC,1.5999999999999999,monthly,19.2,4.8,60,up_to_percent,5.0,https://www.paisabazaar.com/personal-loan/,2026-09-25,Public comparison table; rates/fees are indicative and lender-specific eligibility applies.
Kissht,NBFC,18.0,annual,18.0,2.0,72,range_percent,3.5,https://www.paisabazaar.com/personal-loan/,2026-09-25,Public comparison table; rates/fees are indicative and lender-specific eligibility applies.
KreditBee,NBFC,17.0,annual,17.0,5.0,72,range_percent,3.5,https://www.paisabazaar.com/personal-loan/,2026-09-25,Public comparison table; rates/fees are indicative and lender-specific eligibility applies.
MoneyTap,NBFC,1.08,monthly,12.96,5.0,36,up_to_percent,2.5,https://www.paisabazaar.com/personal-loan/,2026-09-25,Public comparison table; rates/fees are indicative and lender-specific eligibility applies.
Moneyview,NBFC,14.0,annual,14.0,10.0,60,up_to_percent,2.0,https://www.paisabazaar.com/personal-loan/,2026-09-25,Public comparison table; rates/fees are indicative and lender-specific eligibility applies.
mPokket,NBFC,36.0,annual,36.0,2.0,24,up_to_percent,3.75,https://www.paisabazaar.com/personal-loan/,2026-09-25,Public comparison table; rates/fees are indicative and lender-specific eligibility applies.
PaySense,NBFC,1.4000000000000001,monthly,16.8,5.0,60,up_to_percent,2.5,https://www.paisabazaar.com/personal-loan/,2026-09-25,Public comparison table; rates/fees are indicative and lender-specific eligibility applies.
Tata Capital,NBFC,10.99,annual,10.99,35.0,72,up_to_percent,3.5,https://www.paisabazaar.com/personal-loan/,2026-09-25,Public comparison table; rates/fees are indicative and lender-specific eligibility applies.
